Date,Year,Month,Day,Title,Tasks,Requesting NGO (project),Region mapped,City,Place,Whom is confirmed to go,Mapathon Partner,Nb PREVU de participants,Nb REEL de participants,"Stats contribution
Batiments","Stats contribution
nombre de Routes","Stats contribution
Route (km)"
30/06/2020,2020,6,30,Mapathon Missing Maps à Chambéry @o79,,,,Chambéry,o79,,,,,,,
16/06/2020,2020,6,16,Mapathon Missing Maps à Lyon @Le Tuba,,,,Lyon,Le Tuba,,,,,,,
08/06/2020,2020,6,8,Mapathon Missing Maps à Lyon @L'ESS'pace,,,,Paris,L'ESS'pace,,,,,,,
03/06/2020,2020,6,3,Mapathon Missing Maps à Grenoble @La Turbine.Coop,,,,Grenoble,La Turbine.Coop,,,,,,,
19/05/2020,2020,5,19,Mapathon Missing Maps à Lyon @Le Tuba,,,,Lyon,Le Tuba,,,,,,,
05/05/2020,2020,5,5,Mapathon Missing Maps à Lyon @La Dynamo,,,,Chambéry,La Dynamo,,,,,,,
23/03/2020,2020,3,23,Mapathon Missing Maps à Paris @L'ESS'pace,,,,Paris,L'ESS'pace,,,,,,,
17/03/2020,2020,3,17,Mapathon Missing Maps à Lyon @Le Tuba,,DESSALINE,,Lyon,Le Tuba,,,,,,,
11/03/2020,2020,3,11,Mapathon Missing Maps à Chambéry @o79,,,,Chambéry,o79,,,,,,,
14/03/2020,2020,3,14,Mapathon Karya,?,,,Ambérieu,MJC d'Ambérieu,x,,,,,,
05/03/2020,2020,3,5,Mapathon ENSG,,,,Champs-sur-Marne,ENSG,,,,,,,
18/02/2020,2020,2,18,Mapathon Missing Maps à Lyon @Le Tuba,7717/7718,HSF / Pays de Savoie Solidaires,Cameroun / Haïti,Lyon,Le Tuba,Léonie,HSF / Pays de Savoie Solidaires,,,,,
15/02/2020,2020,2,15,Mapathon Karya,?,,,Ambérieu,MJC d'Ambérieu,x,,,,,,
05/02/2020,2020,2,5,Mapathon Missing Maps à Grenoble @La Turbine.Coop,7717/7718,HSF / Pays de Savoie Solidaires,Cameroun / Haïti,Grenoble,La Turbine.Coop,"Céline, Léonie",HSF / Pays de Savoie Solidaires,19,12,2076,378,
29/01/2020,2020,1,9,Mapathon Saint Etienne,66,KLL + Nepal Monitor,Népal,Saint Etienne,GEONUM,Léonie,KLL + Nepal Monitor,,,,,
27/01/2020,2020,1,27,Mapathon Missing Maps à Paris @L'ESS'pace,7717,HSF,Cameroun,Paris,L'ESS'pace,Céline,HSF,26,12,389,5,"3,2"
23/01/2020,2020,1,23,Mapathon Géocéan La Rochelle,66,KLL + Nepal Monitor,Népal,La Rochelle,Université de La Rochelle,Léonie,KLL + Nepal Monitor,15,25,x,x,x
21/01/2020,2020,1,21,Mapathon Missing Maps à Lyon @Le Tuba,7717,HSF,Cameroun,Lyon,Le Tuba,Céline,HSF,11,8,551,3,0.9
18/01/2020,2020,1,18,Mapathon Karya,?,?,Tanzanie,Ambérieu,MJC d'Ambérieu,x,,,,,,
08/01/2020,2020,1,8,Mapathon Missing Maps à Lyon @La Dynamo,4442,Pays de Savoie Solidaires,Haïti,Chambéry,La Dynamo,"Léonie, Céline",Pays de Savoie Solidaires,9,10,75,86,"72,7"
17/12/2019,2019,12,17,Mapathon Missing Maps à Lyon @Le Tuba,5822,Yaam Solidarité,Burrkina Faso,Lyon,Le Tuba,Léonie,Yaam Solidarité,8,8,1859,"12 routes (1,9km)",
09/12/2019,2019,12,9,Mapathon IEP Grenoble,5458,Autre,Philippines,Grenoble,IEP de Grenoble,"Manon, Céline",Youtth Mappers,x,70,1037,528 routes (353 km),
04/12/2019,2019,12,4,Mapathons Magellium,7249,UNHCR,Kenya,Toulouse, Magellium,"Manon, Céline",UNHCR,x,25,2895,81 routes (17.3 km),
04/12/2019,2019,12,4,Mapathons SupAero - Magellium,7390,UNHCR,Mozambique,Toulouse,Ecole d'ingénieurs SupAero,"Manon, Céline",UNHCR,x,10,1263,367 routes (52.8 km),
27/11/2019,2019,11,27,Mapathon Missing Maps à Chambéry @o79,7374,HSF,Cameroun,Chambéry,o79,"Céline, Léonie",HSF,10,10,1075,300 routes (101.5 km),
20/11/2019,2019,11,20,Mapathon Missing Maps à Grenoble @La Turbine.Coop,5822,Yaam Solidarité,Burkina Faso,Grenoble,La Turbine.Coop,"Hana, Manon",Yaam Solidarité,19,17,1535,"80 routes (12,7km)",
20/11/2019,2019,11,20,Mapathon Marseille,5651,Tanzanian Development Trust,Tanzanie,Marseille,Young Researchers Forum,"Céline, Léonie",UCL (University College of London),60,40,x,x,
19/11/2019,2019,11,19,Mapathon Missing Maps à Lyon @Le Tuba,7249,UNHCR,Kenya,Lyon,Le Tuba,"Hana, Clémence",UNHCR,10,8,1375,71 routes (16.7 km),
14/11/2019,2019,11,14,Mapathon Université Savoie-Mont-Blanc,7249,UNHCR,Kenya,Chambéry,Université Savoie-Mont-Blanc,"Hana, Céline",UNHCR,32,17,2081,87 routes (18.7 km),
13/11/2019,2019,11,13,Mapathon Humanitaire à Besançon,7249,UNHCR,Kenya,Besançon,Maison des sciences de l'homme et de l'environnement,Léonie,UNHCR,22,16,2678,"144 routes (44,3 km)",
07/11/2019,2019,11,7,Mapathon Missing Maps à Paris @La Paillasse,5822,Yaam Solidarité,Burkina Faso,Paris,La Paillasse,Clémence,Yaam Solidarité,34,19,2013,"28 routes (3,6 km)",
15/10/2019,2019,10,15,Mapathon Missing Maps à Lyon @Le Tuba,6760,Maroni Lab,Guyane,Lyon,Le Tuba,Léonie,Maroni Lab,8,5,294,"26 routes (12,1 km)",
09/10/2019,2019,10,9,Mapathon Missing Maps à Chambéry @La Dynamo,4442,Pays de Savoie Solidaires,Haïti,Chambéry,La Dynamo,"Léonie, Hana",Pays de Savoie Solidaires,17,21,826,"209 routes (51,9 km)",
07/10/2019,2019,10,7,Mapathon Cours Informatique Centre Social Arc en Ciel,5822,Yaam Solidarité,Burkina Faso,Paris,Arc en ciel,Jean Yves,Yaam Solidarité,6,4,19,0 routes,
26/09/2019,2019,9,26,Mapathon Arvalis,5822,Yaam Solidarité,Burkina Faso,Paris,Arvalis,"Jean Paul, Jean Yves",Yaam Solidarité,8,6,1300,2 routes (0.07 km),
25/09/2019,2019,9,25,Mapathon Missing Maps à Grenoble @La Turbine.Coop,6760,Maroni Lab,Guyane,Grenoble,La Turbine.Coop,Hana,Maroni Lab,10,7,340,78 routes (33.3 km),
17/09/2019,2019,9,17,Mapathon Missing Maps à Lyon @Le Tuba,5822,Yaam Solidarité,Burkina Faso,Lyon,Le Tuba,"Léonie, Hana",Yaam Solidarité,14,11,2835,"137 routes (30,2 km)",
12/09/2019,2019,9,12,Mapathon Missing Maps à Paris @La Paillasse,6069,UNHCR,Kenya,Paris,La Paillasse,Léonie,HCR,15,11,1413,"96 routes (20,2 km)",
03/07/2019,2019,7,3,Mapathon Missing Maps à Grenoble @La Turbine.Coop,6174,UNHCR,Kenya,Grenoble,La Turbine.Coop,Hana,HCR,10,9,2614,3.9,
20/06/2019,2019,6,20,Mapathon IHS Markit,6174,UNHCR,Kenya,,IHS Markit,Jennifer Tschopp,HCR,,,,,
20/06/2019,2019,6,20,Mapathon Arvalis,6174,UNHCR,Kenya,Paris,Arvalis,"Jean Paul, Jean Yves",HCR,15,15,3306,20.2,
19/06/2019,2019,6,19,Mapathon Missing Maps à Lyon @Le Tuba,"6068, 5636",UNHCR,Kenya - RDC,Lyon,Le Tuba,Jeanne,HCR,12,11,3811,22.2 - 32.8,
28/05/2019,2019,5,28,Mapathon Missing Maps à Chambéry @Le Mug,6072,UNHCR,Niger,Chambéry,Le Mug,Jeanne,HCR,4,5,1425,,
22/05/2019,2019,5,22,Mapathon Missing Maps à Grenoble @La Turbine.Coop,5636,GPSDDD,RDC,Grenoble,La Turbine.Coop,Hana,OSM RDC,7,5,106,101.6,
21/05/2019,2019,5,21,Mapathon Missing Maps à Lyon @Le Tuba,"5891, 5636",UNHCR,"Ethiopie, RDC",Lyon,Le Tuba,Jeanne,HCR,8,6,511,96.6 + 13,
21/05/2019,2019,5,21,Mapathon Ecoles de Mines d'Alès,"5890, 5891",UNHCR,Ethiopie,Alès,IMT Alès,Hana,HCR,12,10,"42, 139","4, 2.3",
15/05/2019,2019,5,15,Mapathon Missing Maps Age d'Or,5890,UNHCR,Ethiopie,Grenoble,Maison des Habitats,Hana + Océane et Hugo,HCR,20,14,68,0.7,
09/05/2019,2019,5,9,Mapathon Missing Maps Paris @ La Paillasse,5890,UNHCR,Ethiopie,Paris,La Paillasse,Jeanne,HCR,14,5,204,19.4,
07/05/2019,2019,5,7,Mapathon à l'IEDES,5889,UNHCR,Ethiopie,Nogent Sur Marne,IEDES,Jeanne,HCR,12,12,526,7.7,
23/04/2019,2019,4,23,Mapathon Missing Maps à Lyon @Le Tuba,"5861, 5889",UNHCR,Ethiopie,Lyon,Le Tubà,"Jeanne, Hana, Gagan",HCR,9,9,"679, 410","34.7, 5.3",
05/04/2019,2019,4,5,Mapathon Missing Maps Nuit de la Géo à Paris @ La Bellevilloise,5891,UNHCR,Ethiopie,Paris,La Bellevilloise,"Jeanne, Claire + béné",HCR,30,35,2033,68,
05/04/2019,2019,4,5,Mapathon Missing Maps Nuit de la Géo à Chambéry @Technolac,5636,GPSDDD,RDC,Chambéry,Université Le Bourget,"Martin, Gagan + AGS",CartONG,40,20,381,201,
05/04/2019,2019,4,5,Mapathon Missing Maps Nuit de la Géo à Lyon @Hevea,"5847, 5891",UNHCR,Ethiopie,Lyon,Hévéa,Charlotte + béné + AGEAMS,HCR,35,20,2033 - 381,68,
05/04/2019,2019,4,5,#109 - HidroItuango 2 - Bajo Cauca,109,Autre,Colombie,Pau,Université UPPA,Delphine,OSM Colombie,20,17,557,199,
05/04/2019,2019,4,5,Mapathon Missing Maps Nuit de la Géo à Perpignan @Université Via Domitia,5889,UNHCR,Ethiopie,Perpignan,Université Via Domitia,Bénévoles,HCR,8,12,608,16.2,
05/04/2019,2019,4,5,Mapathon Missing Maps Nuit de la Géo à Brest @Fab Lab UBO,5636,GPSDDD,Kalémie,Brest,UBO Open Factory,Bénévoles,CartONG,12,15,381,201,
05/04/2019,2019,4,5,Mapathon Missing Maps Nuit de la Géo à Grenoble @IUGA,"5847, 5891",UNHCR,Ethiopie,Grenoble,IUGA,Manon + béné,HCR,31,45,125 - 2033,68,
05/04/2019,2019,4,5,Mapathon Missing Maps Nuit de la Géo à Saint-Louis @Université Gaston Berger,Autres (690),Autre,Sénégal,Saint Louis,Université Gaston Berger,Bénévoles,,23,14,,,
05/04/2019,2019,4,5,,Autres,Autre,,Bamako,,OSM Mali,,,,,,
05/04/2019,2019,4,5,,Autres (commune de Ouhidah),Autre,Bénin,Calavi, Université d’Abomey-Calavi ,Cartotourisme,DGAT-IGATE-LaCarto,,48,13826 - 22122,1081 - 2587,
05/04/2019,2019,4,5,,Autres,Autre,,Kinshasa,,OSM RDC,,x,100,,,
05/04/2019,2019,4,5,,Autres,Autre,,Tana,Université Ivo Tech Tana,OSM Mada,,,16,,,
05/04/2019,2019,4,5,,Autres,Autre,,Lomé,Faculté des Sciences et de la Société,OSM Toog,,,50,,,
05/04/2019,2019,4,5,,Autres,Autre,,Heidelberg,Université Heidelberg,Melanie,,x,15,1030,87,
05/04/2019,2019,4,5,,Autres (690),Autre,,Milan,Unicersité Politecnico di Milano,Polimappers,,x,20,1588,,
05/04/2019,2019,4,5,,Autres,Autre,,Würzburg,Université Würzburg,,,x,20,1030,87,
05/04/2019,2019,4,5,Mapathon Missing Maps Nuit de la Géo à Besançon @ MSHE Ledoux,5636,GPSDDD,Kalémie,Besançon,Maison des sciences de l'homme et de l'environnement,Bénévoles,CartONG,21,15,381,201,
04/04/2019,2019,4,4,Mapathons Nuit de la Géographie Unilasalle Beauvais,5889,UNHCR,Ethiopie,Beauvais,UniLaSalle,Pierre Saulet,HCR,45,51,5003,142.5,
28/03/2019,2019,3,28,Mapathon Missing Maps à Chambéry @La Dynamo,5847,UNHCR,Ethiopie,Chambéry,La Dynamo,"Jeanne, Manon",HCR,18,26,2122,69.8,
12/03/2019,2019,3,12,Mapathon Missing Maps à Lyon @Le Tuba,5795,Care France,Haiti,Lyon,Le Tuba,"Jeanne, Gagan",Care France,9,10,836,2,
07/03/2019,2019,3,7,Mapathon Missing Maps Paris @ La Paillasse,5795,Care France,Haiti,Paris,La Paillasse,"Jeanne, Jean Yves",Care France,13,10,592,"0,6",
27/02/2019,2019,2,27,Mapathon Missing @La Bibliothèque de Centrale Lyon,5636,GPSDDD,RDC,Ecully,Centrale Lyon,Jeanne,,14,19,490,"302,2",
20/02/2019,2019,2,20,Mapathon IUGA,5758,Comité de réduction des risques,Equateur,Grenoble,IUGA,"Jeanne, Manon",Comité de réduction des risques,20,20,,,
14/02/2019,2019,2,14,Mapathon Missing Maps à Paris @ENSG,5654,Yaam Solidarité,Burkina Faso,Paris,ENSG,"Jeanne, Camille + béné",Yaam,30,30,8096,55,
12/02/2019,2019,2,12,Mapathon Missing Maps à Paris @L'ESS'Pace,5654,Yaam Solidarité,Burkina Faso,Paris,L'Ess'Pace,"Jeanne, Camille + béné",Yaam,40,21,2300,"43,55",
12/02/2019,2019,2,12,Mapathon Missing Maps à Lyon @Le Tuba,5654,Yaam Solidarité,Burkina Faso,Lyon,Le Tuba,Manon,Yaam,20,16,0,0,
06/02/2019,2019,2,6,Mapathon Missing Maps @la Coop ,5654,Yaam Solidarité,Burkina Faso,Grenoble,La Péniche,"Manon, Camille ",Yaam,6,12,2172,"42,5",
30/01/2019,2019,1,30,Mapathon Missing Maps @le Mug,5654,Yaam Solidarité,Burkina Faso,Chambéry,Le Mug -> locaux CartONG,"Manon, Jeanne, Camille ",Yaam,9,5,987,"64,6",
23/01/2019,2019,1,23,Mapathon Missing Maps Saint Etienne @Université Jean Monnet,5654,Yaam Solidarité,Burkina Faso,Saint Etienne,Université Jean Monnet,Camille,Yaam,26,26,6611,"115,8",
22/01/2019,2019,1,22,Mapathon Missing Maps à Lyon @Le Tuba,5654,Yaam Solidarité,Burkina Faso,Lyon,Le Tuba,"Jeanne, Gagan",Yaam,20,20,1783,47.8,
10/01/2019,2019,1,10,"1er Mapathon Missing Maps de l'année 2019 à Paris @LaPaillasse
",5654,Yaam Solidarité,Burkina Faso,Paris,La Paillasse,Jeanne,Yaam,25,25,3156,"26,6",
19/12/2018,2018,12,19,Mapathon @l'ESS'Pace,5636,,RDC,Paris,ESS'pace,Camille,OSM RDC,15,9,2979,,
17/12/2018,2018,12,17,Mapthon CIA @Ivry-sur-Seine,5624,HCR,Algérie ,Paris,CHU Ivry-sur-Seine,Cécile + bénévoles ,HCR,9,25,,,
13/12/2018,2018,12,13,Mapathon @UBO Open Factory ,"3999, 4438, 4822, 4388, (5519)",,Madagascar,Brest,UBO Open Factory,Camille + Yuji ,OSM Mada,23,25,778,200,
13/12/2018,2018,12,13,Mapathon @INSA Lyon,5527,EcoSur,Equateur,Lyon,INSA,Jeanne + Manon,EcoSur,16,19,2051,"116,6",
12/12/2018,2018,12,12,Mapathon MAMAPA - Manheim,,,,Manheim,,Robert,,17,17,,,
05/12/2018,2018,12,5,Mapathon @Université Jean Moulin,5571,HCR,Algérie ,Lyon,Univ. Jean Moulin Lyon 3,Jeanne + Camille + Gagan,HCR,22,20,3804,0,
30/11/2018,2018,11,30,Mapathon @INSEEC,5571,HCR,Algérie ,Chambéry,INSEEC,Jeanne + Camille ,HCR,60,67,3555,"5,8",
29/11/2018,2018,11,29,Mapathon @LeMug - MSF,5290,MSF,Kenya,Chambéry,Le Mug,Jeanne + Camille + Manon,MSF Belgique,17,20,273,"901,3",
28/11/2018,2018,11,28,Mapathon Missing Maps @ Nomade ,5268,Rombo Conservancy,Kenya,Bordeaux,Espace Nomade ,Camille ,OSM Bordeaux,5,7,901,"201,3",
27/11/2018,2018,11,27,Mapathon Université - Masters SIGMA,5268,Rombo Conservancy,Kenya,Toulouse,Université SIGMA,Camille + Olivier,SIGMA,20,20,2231,163,
18/11/2018,2018,11,18,Mapathon Missing Maps - Karya (festival Thihar) ,5504,Karya,Népal,Thyez,Thyez (festival Tihar),Manon + Camille ,"Karya, KLL",,20,563,35,
15/11/2018,2018,11,15,Mapathon MAMAPA - Manheim,5446,HCR,Algérie,Manheim,,Robert,,30,30,,,
13/11/2018,2018,11,13,Mapathon Université - Masters géomatiques Cergy-Pontoise,5268,Rombo Conservancy ,Kenya ,Paris ,Univ. Cergy-Pontoise,Jeanne + Camille ,Rombo Conservancy ,50,25,2398,"286,4",
06/11/2018,2018,11,6,Mapathon Université - Masters ACAH ,5268,Rombo Conservancy ,Kenya ,Chambéry,Univ. jacob Bellecombette ,Jeanne + Camille ,Rombo Conservancy ,36,36,1989,"189,7",
18/10/2018,2018,10,18,Mapathon @ La Paillasse ,5268,Rombo Conservancy ,Kenya ,Paris,La Paillasse ,Camille et bénévoles ,Rombo Conservancy ,18,8,188 bâtiments,"129,7 km de routes",
03/10/2018,2018,10,3,Mapathon Université - IUGA,4388,,Madagascar ,Grenoble ,IUGA Grenoble ,"Manon, Camille ",PHF,50,40,1599 bâtiments ,"449,9 km de routes
",
02/10/2018,2018,10,2,Mapathon Université - Paris VII,4388,,Madagascar ,Paris ,Université Paris VII ,Martin + bénévoles parisiens,PHF,50,52,579 bâtiments ,"180,4 km de routes ",
27/09/2018,2018,9,7,Mapathon MAMAPA - Manheim,5446,HCR,Algérie,Manheim,,Robert,,30,30,,,
26/09/2018,2018,9,26,Mapathon EducAuRa - La Coop ,4388,PHF,Madagascar ,Grenoble ,La Péniche ,"Manon, Cécile, Mathilde, Camille ",EducAuRa,16,21,265 bâtiments ,"88,8 km de routes",
21/09/2018,2018,9,21,Mapathon Missing Maps - Le Tubā,5268,Rombo Conservancy ,Kenya ,Lyon ,Le Tubā,"Manon, Camille ",Rombo Conservancy ,11,10,1144 bâtiments,,
20/09/2018,2018,9,20,Mapathon ScPo Urba - Paris,4979,HCR,Algérie ,Paris,SciencesPo Ecole Urbaine,"Manon, Cécile, Camille ",SciencesPo Ecole Urbaine,58,25,3695,,
18/09/2018,2018,9,18,Mapathon CIA - Nanterre,4979,HCR,Algérie ,Paris,CHU Nanterre,"Manon, Cécile, Camille ",Aurore,,25,43,,
05/09/2018,2018,9,5,Mapthon Karya - Ambérieu,4285,Karya,Népal,Ambérieux-en-Bugey,,Camille + Sylvie et Pierre de Karya,Karya,,14,137 bâtiments,,
09/08/2018,2018,8,9,Mapathon CIA - Nanterre,4979,HCR,Algérie ,Paris,CHU Nanterre,Cécile + bénévoles ,BSF,,25,360,,
25/07/2018,2018,7,25,Mapathon HCR - Genève,4909,HCR,Soudan,Genève,HCR headquarters,"Manon, Maeve, Camille ",HCR,13,10,2279 bâtiments,,
12/07/2018,2018,7,12,Mapathon BSF - Ivry sur seine // Formation WASH - Ouganda,4857,HCR,Ouganda,Paris // Ouganda,CHU Ivry sur seine,"Cécile, Camille + bénévoles",BSF,,20,686 bâtiments,34.5 km de route,
11/07/2018,2018,7,11,Mapathon Science in the City - Toulouse ,4750,Hi,Madagascar,Toulouse,La mêlée ,Nicolas + bénévoles,Science in the City,14,9,527 bâtiments,161.3km de route,
05/07/2018,2018,7,5,Mapathon MAMAPA - Mannheim,"4750, 4822",Hi,Madagascar,Manheim,Mannheimer Abendakademie,Robert ,,,24,424 + 146 bâtiments,44.4  km de route,
28/06/2018,2018,6,24,Mapathon Terre des Hommes - Lausanne ,4805,Tdh ,Burkina Faso,Lausanne ,Siège de Tdh,"Maeve, Camille, Martin",Tdh,30,25,,,
18/06/2018,2018,6,18,Mapathon CCO Vileurbanne ,4768,,Bangladesh,Lyon ,CCO,"Colin, Camille, Cécile ",,14 + 5/6 SInga,14,1213 bâtiments,,
13/06/2018,2018,6,13,Mapathon coop Grenoble,4750,Hi,Madagascar,Grenoble,La péniche ,"Manon, Camille ",,13,8,284 bâtiments,,
09/06/2018,2018,6,9,Carto Party - Sport ensemble Handicap International ,,Hi,,Lyon ,Parc Gerland,"Colin, Camille ",,,20,,,
06/06/2018,2018,6,6,Mapathon la Pailliasse ,"4688, 4605",,Bangladesh ,Paris,La Paillaisse ,"Camille, colin + bénévole",,29,20,3623 bâtiments ,19.3 km de route,
04/06/2018,2018,6,4,Mapathon BSF - Ivry sur seine ,4651,,Bangladesh ,Ivry-sur-Seine,CHU Ivry sur seine,Cécile,,,20,345 bâtiments,,
23/05/2018,2018,5,23,Mapathon MAMAPA - Mannheim,4577,HCR,Burkina Faso,Manheim,Mannheimer Abendakademie,Robert ,HCR,,14,281 bâtiments,2.78 km de route,
03/05/2018,2018,5,3,Mapathon Lycée Argouge de Grenoble,,,,Grenoble,Lycée Argouge ,Colin ,,,,,,
18/04/2018,2018,4,18,Mapathon UBO Open Factory Brest,4438,,Madagascar,Brest,UBO Open Factory ,Colin ,,31,30,4583 batiments ,98 km de route,
12/04/2018,2018,5,12,Mapathon en soirée MSF ,4255,MSF,Kirkystan,Geneva,MSF,"Martin, Colin + GIS Unit ",,49,44,5741 bâtiments,167 km de route,
10/04/2018,2018,4,10,Mapathon MAMAPA - Mannheim,4371,,Ouganda ,Manheim,Mannheimer Abendakademie,Robert ,HOT - Uganda,,15,1799 bâtiments,6.5 km de routes,
10/04/2018,2018,4,11,Mapathon Geneva Health Forum - 10 au 12 avril en Français ,,,Cameroun,Geneva,CICG,Colin  Martin ,,12,9,400 bâtiments,,
06/04/2018,2018,4,6,Mapathon nuit de la Géo Paris,4388,,Madagascar,Paris,Voir avec Claire ,"Martin, Colin",,92,50,1648 bâtiments,263.3 km de route,
06/04/2018,2018,4,6,Mapathon la nuit de la Géo ,3679,,Madagascar,Lyon,,"Camille, Rene, bénévoles lyon ",,19,14,969 bâtiments,107.5 km de route,
05/04/2018,2018,4,5,Mapathon interne partenaire Solidarités Suricats,,,Bangladesh,Paris,,"Martin, Colin",,,32,1000 bâtiments,71.8 km de route,
03/04/2018,2018,4,3,Mapathon coop Grenoble,3679,,Madagascar,Grenoble,La péniche ,Colin,,19,13,1400 bâtiments,100 km de route,
29/03/2018,2018,3,29,Mapathon intergénérationelle Lycée Louise Michel ,3679,,Madagascar,Grenoble,Lycée Louise Michel,Colin,,,35,400 bâtiments,100 km de route,
26/03/2018,2018,3,26,Mapathon préparation avec les lycéens de Louise Michel ,3679,,Madagascar,Grenoble ,Lycée Louise Michel,Colin,,,20,329 bâtiments,87.9 km de route,
08/03/2018,2018,3,8,Mapathon Social Good Week Paris,3679,PHF,Madagascar,Paris,LLL,Martin,,50,30,564 bâtiments,192 km de route,
07/03/2018,2018,3,7,Mapathon Social Good Week Lyon,3679,,Madagascar,Lyon,Ecole Centrale,"Colin, Camille ",,,20,1526 bâtiments,312.9 km de route,
28/02/2018,2018,2,28,Mapathon MAMAPA - Mannheim,4121,,Ouganda ,Manheim,Mannheimer Abendakademie,Robert ,HOT,,17,74 bâtiments,108.2 km de route,
28/02/2018,2018,2,28,Mapathon @ Les Petits Débrouillards,3679,,Madagascar,Clermont-Ferrand,Les Petits Débrouillards,Colin,,8,15,1000 bpatiments,200 km de route,
14/02/2018,2018,2,14,Mapathon université de Saint Etienne ,3679,,Madagascar,Saint Etienne ,Université Jean Monet ,Colin,,20,20,1500 bâtiments,400 km de route,
07/02/2018,2018,2,7,Mapathon à Paris 8,3679,,Madagascar,Paris,Université,"Colin, Claire",,30 (Neige du coup pas de déplacement),15,9 bâtiments,123.7 km de route,
30/01/2018,2018,1,30,Mapathon Atelier des médias ,4101,,Bangladesh,Lyon,Atelier des méias ,"Violaine, Colin",,25,25,6400 bâtiments,,
26/01/2018,2018,1,26,Mapathon lycée Louise michel ,,,Bangladesh,Grenoble,Louise Michel Lycée pro,Colin,,22,22,300 bâtiments,le mapathon était plus une présentation de CartONG et le fonctionnement de missing maps et d'une action humanitaire (questions des éléves),
25/01/2018,2018,1,25,Mapathon @ ESS'pace,4030,,Bangladesh,Paris,ESS'pace,Bénévoles,,37,24,2800 bâtiments,,
23/01/2018,2018,5,23,Mapathon MAMAPA - Mannheim,4577,HCR,Burkina Faso,Manheim,Mannheimer Abendakademie,Robert ,HCR,,16,281 bâtiments,2.7 km² de routes,
17/01/2018,2018,1,17,Mapathon département savoie,,,Haiti,Chambéry,Département de Savoie ,Colin Violaine,,,,,,
16/01/2018,2018,1,16,Mapathon à l'université de Genève ,4030,,Bangladesh,Genève,Université ,Colin,,32,32,2792 bâtiments,,
18/12/2017,2017,12,18,Mapathon Entreprise CGI Paris/Lyon,3941,,Tchad,"Paris, LYON",CGI,"Martin, Colin",,,20,1500 bâtiments ,,
15/12/2017,2017,12,15,Mapathon la cordée de la réussite,3946,,Congo,Paris,Télécom,Colin,Cordée de la réussite ,,10,500 bâtiments,,
13/12/2017,2017,12,13,Mapathon aux subsistances pour HI ,3941,,Tchad,Lyon,Subsistances ,"Martin, Colin",Handicap Internatinal,56,56,1455 bâtiments,,
19/11/2017,2017,11,19,Mapathon de cloture de l'OSMGeoweek à Villeurbanne @ CCO,"3720, 3831","OSM MADA, OSM Burkina Faso","Madagascar, Burkina Faso",Lyon,CCO,"Violaine, Colin",OSM Geoweek,40,40,3000 bâtiments ,150 KM de route,
16/11/2017,2017,11,16,Mapathon Paris ,3720,OSM Mada,Madagascar,Paris,LLL,Colin,OSM Geoweek,28,17,1325 bâtiments,,
15/11/2017,2017,11,15,Mapathon Grenoble à la Péniche ,1075,OSM Mali,Mali,Grenoble,La péniche,Colin,OSM Geoweek,26,33,6083 bâtiments,,
14/11/2017,2017,11,14,Mapathon Saint Etienne à Open Factory,102 (francophone),OSM Sénégal ,Sénégal,Saint Etienne,OpenFactory,Colin,OSM Geoweek,18,19,3053 bâtiments,,
13/11/2017,2017,11,13,Mapathon d'ouverture à l'OSMGeoWeek Chambéry @ Le MUG,3831,OSM Burkina Faso,Burkina Faso,Chambéry,Le Mug,"Colin, Martin",OSM Geoweek,14,17,2643 batiments,75 km routes,
26/10/2017,2017,10,26,Mapathon Paris @ Ess'pace,3730,,Bangladesh,Paris,Ess'pace,Colin,Techfugees,60,40,5723 batiments,,
24/10/2017,2017,10,24,Mapathon Lyon @ La Tour du Web,"3703, 3686",,Madagascar,Lyon,La Tour du We,"Violaine, Colin",,10,12,1273 batiments,,
19/10/2017,2017,10,19,Mapathon Brest @ UBO,3720,OSM Mada,Madagascar,Brest,UBO OpenFactory,"Violaine, Colin",Tiriad ,45,45,2751 batiments,,
28/09/2017,2017,9,28,Mapathon validation Lyon l'atelier des média s,3110,,Madagascar,Lyon,L'atelier des médias,"Violaine, Colin",,7,4,407 bâtiments ,10.9 km de route ,
21/09/2017,2017,9,21,Mapathon Missing Maps Paris @ Liberté Living Lab / urgence Mexique !,"3566, 3567, 3607, 3597",OSM MX,Mexico ,Paris,Liberté Living Lab ,Colin,,59,33,6728 bâtiments ,,
19/07/2017,2017,7,19,Mapathon FOSS4G @ Champs sur Marne,2608,ICRC,Goma,Paris,ENSG,Olivia,,29,35,3049 bâtiments ,50km de route,
04/07/2017,2017,7,4,Mapathon Validation Lyon,2333 (contrib) + 3110 (valid),PHF et chambé Ouahi,Vatomandry et Ouahigouya,Lyon,L'atelier des médias,"Violaine, Olivia",,,13,validation,,
29/06/2017,2017,6,29,Mapathon Nantes @ ENSA,2608 et 2333 pour validation,CICR et Chambéry Ouahigouya,Goma et Ouahigouya,Nantes,ENSA,Olivia et Antoine,,20,24,2091 bâtiments pour Goma,12km de route pour Goma,
28/06/2017,2017,6,28,Mapathon Brest @ UBO,2333,Chambéry Ouahigouya,Ouahigouya,Brest,UBO,Olivia et Yuji,,35,37, 250 bâtiments,739km de route,
15/06/2017,2017,6,15,Mapathon Toulouse @ HarryCow,2333,Chambéry Ouahigouya,Ouahigouya,Toulouse,HarryCow,Olivia et Nicolas Decoster,Magellium,20,25,142 bâtiments,635km de routes ,
14/06/2017,2017,6,14,Mapathon Bordeaux @ Nomade,2333,Chambéry Ouahigouya,Ouahigouya,Bordeaux et Périgueux,Nomade pour Bordeaux et l'Escale Numérique pour Périgueux,Olivia et Paul pour Périgueux,MSF Log et Num&Lib,30,25,538 bâtiments ,740km de route,
07/06/2017,2017,6,7,Mapathon Chambéry le Mug,2333,Chambéry Ouahigouya,Ouahigouya,Chambéry,Le Mug,Martin,,7,14,cf. stats Paris le même soir,,
07/06/2017,2017,6,7,Mapathon Paris @ FPH,2333,Chambéry Ouahigouya,Ouahigouya,Paris,FPH,Olivia,,22,17,860 bâtiments,550 km de route,
31/05/2017,2017,5,31,Mapathon Avignon La Salle EducOSM,3110,Pompiers humanitaires français,"Vatomandry, Madagascar",Avignon,La Salle,Violaine et Olivia,PHF,3 classes de 20 élèves environ,60,4609 bâtiments ,70km de route,
17/05/2017,2017,5,17,Mapathon Le Mug 2 Aix les Bains,2333,Chambéry Ouahigouya,Ouahigouya,Aix les Bains,Le Mug 2,Olivia,,5,6,89 bâtiments ,91km route,
11/05/2017,2017,5,11,Mapathon Grenoble,2333,Chambéry Ouahigouya,Ouahigouya,Grenoble,La Coop,Olivia,,11,10,1582 bâtiments,40.3 km de route,
10/05/2017,2017,5,10,Mapathon Lyon,2333,Chambéry Ouahigouya,Ouahigouya,Lyon,L'atelier des médias,Violaine ,,,6,400 bâtiments,7.5km de route,
04/05/2017,2017,5,4,Mapathon Paris - Mai,2608,CICR & MSF,Goma,Paris,La Paillasse,Olivia,MSF,45,35,2764 bâtiments,,
03/05/2017,2017,5,3,Mapathon Université Genève,2608,CICR,Goma,Genève,Université Genève,Olivia,Mouvement des étudiants en géographie,20,15,1135 bâtiments,,
13/04/2017,2017,4,13,Mapathon Chambéry Université,2705,,"Bidibidi zone 1, Ouganda",Chambéry,Université Chambéry,Martin,,,10,664 bâtiments,33.4km de route,
13/04/2017,2017,4,13,Mapathon Paris ,2705,MSF,"Bidibidi zone 1, Ouganda",Paris,La Paillasse,Olivia,MSF,50,30,2848 bâtiments ,43.6km de route,
09/04/2017,2017,4,9,Mapathon Rennes ,2333,Chambéry Ouahigouya,Ouahigouya ,Bréteil ,Mairie de Bréteil,Violaine,,pas d'inscriptions,4,,40 km de routes wouhou,
23/03/2017,2017,3,23,Mapathon Interne MSF,2705,MSF,"Yumbe, Ouganda (Zone 1)",Paris,,Martin,,/,20,1400 bâtiments,,
22/03/2017,2017,3,22,Mapathon festival SIANA,2333,Chambéry Ouahigouya,Ouahigouya ,Evry,Université ,"Martin, Olivia",,/,35,700 bâtiments,500 routes ,
19/03/2017,2017,3,19,Atelier Missing Maps Maker Faire,2608,ICRC,Goma,Grenoble,Maker Faire,"Martin, Olivia","La Coop, La Péniche",,5,1400 bâtiments,,
15/03/2017,2017,3,15,MM Mapathon ,2333,Chambéry Ouahigouya,Ouahigouya ,Toulouse,Catalyseur,"Violaine, Olivia",Aerospace Valley Université Toulouse 3 FabSpace2.0,65,37,2768 bâtiments,,
09/03/2017,2017,3,9,MM Solidarités International,2636,Solidarités International,"Borno, Nigeria",Paris,,"Martin, Olivia",,45,43,5000 bâtiments,500 routes (Muna) + 800 bâtiments (Monguno),
02/02/2017,2017,2,2,MM Genève Humanitarium,"2480, 2483",CICR,"Ngao, Kenya",Genève,ICRC Humanitarium,"Violaine, Martin, Maeve",ICRC IFRC,104,90,2640 bâtiments,243 km roads,
16/01/2017,2017,1,16,MM Avancé Lyon,2333,Chambéry Ouahigouya,Ouahigouya,Lyon,CCO Villeurbanne,Violaine,,10,14,2800 bâtiments,350 km de routes,
20/12/2016,2016,12,20,Missing Maps in Lyon,"#2333 
",Chambéry Ouahigouya,Ouahigouya,"Lyon
",,Violaine,,15,17,1430 bâtiments,35 km de routes,
15/12/2016,2016,12,15,Missing Maps Madagascar (Pau-Antsiranana),"#2334, #2327",SAHI,"Diana, MG",Pau,,Benoît,,15,17,337 bâtis,33km,
08/12/2016,2016,12,8,OGP,"#2333 
",Chambéry Ouahigouya,Ouahigouya,Paris,Liberté Living Lab,Martin,,89,90,7125 batiments,192km routes,
06/12/2016,2016,12,6,MSF interne,2379,"MSF
","Yumbe, Ouganda","Paris
",,Martin,,/,18,3600 batiments,,
19/11/2016,2016,11,19,#100mapathons Missing Maps Chambéry-Ouahigouya,"#2333 
",Chambéry Ouahigouya,Ouahigouya,Chambéry,Médiathèque Jean-Jaques Rousseau,"Violaine, Martin",,14,17,4170 bâtiments,100 routes pour 70 km,
18/11/2016,2016,11,18,#100mapathons Missing Maps Diégo-Bordeaux,#2317,SAHI,"Diana, MG",Bordeaux ,Maison des étudiants,"Violaine, Vincent",,-,18,1817 bâtiments,,
16/11/2016,2016,11,16,#100mapathons Missing Maps Ambérieu SSI,#2315,SAHI,"Diana, MG",Amberieu,MJC Ambérieu,Violaine,,6,15,550 bâtiments,,
12/11/2016,2016,11,12,#100mapathons Mapathon Ivry-Dianguirdé,"Dianguirdé #2215, Koussané #2266",Ivry-sur-Seine,Dianguirdé,Ivry-sur-Seine,,Martin,,24 (9 eventbrite et 15 asso malienne locale),25-30,,337 km routes,
07/11/2016,2016,11,7,,Mwenezi #2286,MSF,Zimbabwe,Vienne,,Martin,,/,40,,,
27/10/2016,2016,10,27,,Nsanje #2240,MSF,Malawi,Saint Denis,Paris 8,Violaine,Master Géomatique Paris 8,14,15,,50 km routes,
18/10/2016,2016,10,18,,Nsanje #2240 #2171 #2192,MSF,Malawi,Chambé GeOnG,Centre de Congrès le Manège,Violaine,,,50,650 bâtiments,350 km ,
04/10/2016,2016,10,4,Missing Maps Paris #6,,MSF,,Paris,La Ruche Canal,Martin,,27,25,?,,
19/09/2016,2016,9,19,,Intégration avancée dans OSM,,"RDC, Sud Soudan, Tchad...",Lyon ,,Violaine,,10,10,-,,
12/07/2016,2016,7,12,,1910,MSF,"Bunia, RDC",Lyon,,Violaine,,30,25,923 bâtiments,100km routes,
09/06/2016,2016,6,9,,1808;1910,"Tdh, MSF","Irak, RDC",Paris,,"Johan, Claire",,35,30,2500 bâtiments,,
24/05/2016,2016,5,24,,"1808, 1816, 1817",Tdh,"Tikrit, Irak, Bangladesh",Toulouse,,Violaine,,38,29,Tikrit: 654 bâtiments,"Tikrit: 17 routes
Ghogadaha: 50 routes ",
22/05/2016,2016,5,22,,"1808, 1816, 1817",Tdh,"Tikrit, Irak, Bangladesh",Clermont,Groupe ESC Clermont (SOTM),"Violaine, martin, johan",OSM France,,,"#1808 : 300 bâtiments 
#1816 : 60 bâtiments","#1808 : 20 km de routes 
#1816 :30 km routes",
18/05/2016,2016,5,18,,1910,msf ch,"Bunia, RDC",Genève,MSF Suisse,"Violaine,Martin",,17,"20 (+11 Gre, +3 OSM Africains)",5000 bâtiments,245 routes soit 32km,
18/05/2016,2016,5,18,,1910,msf ch,"Bunia, RDC",Grenoble,La Coop,Adam,Maptime Alpes,11,11,5000 bâtiments,245 routes soit 32km,
17/05/2016,2016,5,17,,1808,Tdh,"Tikrit, Irak",Rennes,Pole Numérique de Rennes Villejean,Martin,Master SIGAT Université Rennes 2,13 inscrits (mais prévu que +),15,1433 bâtiments ,76.5km highway,
13/05/2016,2016,5,13,,1816,Tdh,"Ghogadaha, Bangladesh",Marseille,La Ruche,Violaine,Maison Asie Pacifique,14,15,90 bâtiments,100 routes,
22/04/2016,2016,4,22,,"1808 (irak),1818 (bangladesh)",Tdh,"Irak, Bangladesh",Lausanne,Terre des Hommes,Violaine,,29,22,Tikrit : 1352 bâtiments,"Tikrit : 5km route
1818 : 5 km route
",
07/04/2016,2016,4,7,,"1695, 1566",MSF-UK,RDC-SudKivu/Katanga,Paris ,Mozilla,Violaine,,70,45,2880 bâtiments,1000 highways (170km),
31/03/2016,2016,3,31,,1668/1669,MSF-Suisse,"Harare, capital of Zimbabwe",Bordeaux ,Nomade,Violaine,Num&Lib,39,35-40,2600 bâtiments,65 km de routes,
14/03/2016,2016,3,14,,1668/1669,MSF-Suisse,"Harare, capital of Zimbabwe",Lyon,CCO Villeurbanne,Violaine,Festival mémoire Vive,30,30,3800 bâtis (!!!),200 km de routes,
23/02/2016,2016,2,23,,1465 1466 1467,MSF-Suisse,Mozambique (East of Tete province),Grenoble,Co-Work,Violaine,"Idées Territoires, Maptime Alpes",25,35,800 bâtis,1275 km de routes,
11/02/2016,2016,2,11,,1428 1477 1465 1466 1494,MSF-Fr,Ouganda,Paris - MSF,Mozilla,Violaine,MSF,70,60,presque 700 bâtiments,1700 km de routes,
03/02/2016,2016,2,3,,1467 1465 1466 ,MSF-Suisse,Mozambique (East of Tete province),Chambery,Université de Savoie,Violaine,PRISM,10,15,800 bâtiments,1200 routes,
18/12/2015,2015,12,18,,"1342, 1390",MSF,"Nsanje, Malawi",Lyon,CCO Villeurbanne,"Martin,Violaine",,32,20,3000 batiments,320 portions de routes,
17/11/2015,2015,11,17,,1343,MSF,"Mozambique, Nord Tete",Chambéry,Le Mug,Martin,Chambé-Carnet,17,,,1200 routes,
05/11/2015,2015,11,5,Mapathon Missing Maps Paris #1,1262,,"Lubumbashi, RDC",Paris,La Ruche,"Martin,Violaine",Social Good Week,62,50,5000 bâtis,,
28/10/2015,2015,10,28,,?,,Afghanistan,Grenoble,,"Martin, Maeve",,,10,,,
06/12/2014,2014,12,6,Lancement projet Missing Maps,?,MSF,?,Paris,Simplon Montreuil,"Martin, Maeve",,,,,,