Project,Country,Group
5822,Burkina Faso,Africa
5651,Tanzanie,Africa
7249,Kenya,Africa
7249,Kenya,Africa
7249,Kenya,Africa
5822,Burkina Faso,Africa
6760,Guyane,South America
4442,Haïti,Central America
5822,Burkina Faso,Africa
5822,Burkina Faso,Africa
6760,Guyane,South America
5822,Burkina Faso,Africa
6069,Kenya,Africa
6174,Kenya,Africa
6174,Kenya,Africa
6068,Kenya,Africa
5636,RDC,Africa
6072,Niger,Africa
5636,RDC,Africa
5890,Ethiopie,Africa
5890,Ethiopie,Africa
5889,Ethiopie,Africa
5861,Ethiopie,Africa
5891,Ethiopie,Africa
5636,RDC,Africa
109,Colombie,South America
5889,Ethiopie,Africa
5636,Kalémie,Africa
5847,Ethiopie,Africa
690,Sénégal,Africa
5636,Kalémie,Africa
5889,Ethiopie,Africa
5847,Ethiopie,Africa
5795,Haiti,Central America
5795,Haiti,Central America
5636,RDC,Africa
5758,Equateur,South America
5654,Burkina Faso,Africa
5654,Burkina Faso,Africa
5654,Burkina Faso,Africa
5654,Burkina Faso,Africa
5654,Burkina Faso,Africa
5654,Burkina Faso,Africa
5654,Burkina Faso,Africa
5654,Burkina Faso,Africa
5636,RDC,Africa
5624,Algérie ,Africa
4822,Madagascar,Africa
4438,Madagascar,Africa
4388,Madagascar,Africa
3999,Madagascar,Africa
5527,Equateur,South America
5571,Algérie ,Africa
5571,Algérie ,Africa
5290,Kenya,Africa
5268,Kenya,Africa
5268,Kenya,Africa
5504,Népal,Asia
5446,Algérie,Africa
5268,Kenya ,Africa
5268,Kenya ,Africa
5268,Kenya ,Africa
4388,Madagascar ,Africa
4388,Madagascar ,Africa
5446,Algérie,Africa
4388,Madagascar ,Africa
5268,Kenya ,Africa
4979,Algérie ,Africa
4979,Algérie ,Africa
4285,Népal,Asia
4979,Algérie ,Africa
4909,Soudan,Africa
4857,Ouganda,Africa
4750,Madagascar,Africa
4822,Madagascar,Africa
4805,Burkina Faso,Africa
4768,Bangladesh,Asia
4750,Madagascar,Africa
4605,Bangladesh ,Asia
4688,Bangladesh ,Asia
4651,Bangladesh ,Asia
4577,Burkina Faso,Africa
4438,Madagascar,Africa
4255,Kirkystan,Asia
4371,Ouganda ,Africa
4388,Madagascar,Africa
3679,Madagascar,Africa
3679,Madagascar,Africa
3679,Madagascar,Africa
3679,Madagascar,Africa
3679,Madagascar,Africa
3679,Madagascar,Africa
4121,Ouganda ,Africa
3679,Madagascar,Africa
3679,Madagascar,Africa
3679,Madagascar,Africa
4101,Bangladesh,Asia
4030,Bangladesh,Asia
4577,Burkina Faso,Africa
4030,Bangladesh,Asia
3941,Tchad,Africa
3946,Congo,Africa
3941,Tchad,Africa
