Date,Year,Month,Day,Title,Tasks,Region mapped,City,Place,Partner,Whom is confirmed to go,Requesting NGO,Nb réel de participants,Nb prévu de participants?,"Stats contribution
Batiments","Stats contribution
Route",Landuse,Waterways,Forest,Cagnotte Boite à Dons,Sponsor nourriture?
17/12/2019,2019,11,17,Mapathon Missing Maps à Lyon @Le Tuba,,,Lyon,Le Tuba,,,,,,,,,,,,
27/11/2019,2019,11,27,Mapathon Missing Maps à Chambéry @o79,,,Chambéry,o79,,,,,,,,,,,,
20/11/2019,2019,11,20,Mapathon Missing Maps à Grenoble @La Turbine.Coop,,,Grenoble,La Turbine.Coop,,,,,,,,,,,,
19/11/2019,2019,11,19,Mapathon Missing Maps à Lyon @Le Tuba,,,Lyon,Le Tuba,,,,,,,,,,,,
14/11/2019,2019,11,14,Mapathon Université Savoie-Mont-Blanc,,,Chambéry,Université Savoie-Mont-Blanc,,,,,,,,,,,,
17/11/2019,2019,11,17,Mapathon Karya,,,Thiez,,,,,,,,,,,,,
13/11/2019,2019,11,13,Mapathon Besançon,,,Besançon,Maison des sciences de l'homme et de l'environnement,,,,,,,,,,,,
07/11/2019,2019,11,7,Mapathon Missing Maps à Paris @La Paillasse,5822,Burkina Faso,Paris,La Paillasse,Yaam Solidarité,Clémence,Yaam Solidarité,,,,,,,,,
15/10/2019,2019,10,15,Mapathon Missing Maps à Lyon @Le Tuba,6760,Guyane,Lyon,Le Tuba,Maroni Lab,Léonie,Maroni Lab,5,8,294,"26 routes (12,1 km)",,,,,
09/10/2019,2019,10,9,Mapathon Missing Maps à Chambéry @La Dynamo,4442,Haïti,Chambéry,La Dynamo,Pays de Savoie Solidaires,"Léonie, Hana",Pays de Savoie Solidaires,21,17,826,"209 routes (51,9 km)",,,,,
07/10/2019,2019,10,7,Mapathon Cours Informatique Centre Social Arc en Ciel,5822,Burkina Faso,Paris,Arc en ciel,Yaam Solidarité,Jean Yves,Yaam Solidarité,4,6,19,0,,,,,
26/09/2019,2019,9,26,Mapathon Arvalis,5822,Burkina Faso,Paris,Arvalis,Yaam Solidarité,"Jean Paul, Jean Yves",Yaam Solidarité,6,8,1300,2 routes (0.07 km),,,,,
25/09/2019,2019,9,25,Mapathon Missing Maps à Grenoble @La Turbine.Coop,6760,Guyane,Grenoble,La Turbine.Coop,Maroni Lab,Hana,Maroni Lab,7,10,340,78 routes (33.3 km),,,,,
17/09/2019,2019,9,17,Mapathon Missing Maps à Lyon @Le Tuba,5822,Burkina Faso,Lyon,Le Tuba,Yaam Solidarité,"Léonie, Hana",Yaam Solidarité,11,14,2835,"137 routes (30,2 km)",,,,,
12/09/2019,2019,9,12,Mapathon Missing Maps à Paris @La Paillasse,6069,Kenya,Paris,La Paillasse,HCR,Léonie,HCR,11,15,1413,"96 routes (20,2 km)",,,,,
03/07/2019,2019,7,3,Mapathon Missing Maps à Grenoble @La Turbine.Coop,6174,Kenya,Grenoble,La Turbine.Coop,HCR,Hana,HCR,9,10,2614,3.9,,,,,
20/06/2019,2019,6,20,Mapathon IHS Markit,,Kenya,,IHS Markit,HCR,Jennifer Tschopp,HCR,,,,,,,,,
20/06/2019,2019,6,20,Mapathon Arvalis,6174,Kenya,Paris,Arvalis,HCR,"Jean Paul, Jean Yves",HCR,15,15,3306,20.2,,,,,
19/06/2019,2019,6,19,Mapathon Missing Maps à Lyon @Le Tuba,6068 - 5636,Kenya - RDC,Lyon,Le Tuba,HCR,Jeanne,HCR,11,12,3811 - 120,22.2 - 32.8,,,,,
28/05/2019,2019,5,28,Mapathon Missing Maps à Chambéry @Le Mug,6072,Niger,Chambéry,Le Mug,HCR,Jeanne,HCR,5,4,1425,,,,,,
22/05/2019,2019,5,22,Mapathon Missing Maps à Grenoble @La Turbine.Coop,5636,RDC,Grenoble,La Turbine.Coop,OSM RDC,Hana,OSM RDC,5,7,106,101.6,,,,,
21/05/2019,2019,5,21,Mapathon Missing Maps à Lyon @Le Tuba,"5891, 5636","Ethiopie, RDC",Lyon,Le Tuba,HCR,Jeanne,HCR,6,8,511,96.6 + 13,,,,,
21/05/2019,2019,5,21,Mapathon Ecoles de Mines d'Alès,"5890, 5891",Ethiopie,Alès,IMT Alès,HCR,Hana,HCR,10,12,"42, 139","4, 2.3",,,,,
15/05/2019,2019,5,15,Mapathon Missing Maps Age d'Or,5890,Ethiopie,Grenoble,Maison des Habitats,HCR,Hana + Océane et Hugo,HCR,14,20,68,0.7,,,,,
09/05/2019,2019,5,9,Mapathon Missing Maps Paris @ La Paillasse,5890,Ethiopie,Paris,La Paillasse,HCR,Jeanne,HCR,5,14,204,19.4,,,,,
07/05/2019,2019,5,7,Mapathon à l'IEDES,5889,Ethiopie,Nogent Sur Marne,IEDES,HCR,Jeanne,HCR,12,12,526,7.7,,,,,
23/04/2019,2019,4,23,Mapathon Missing Maps à Lyon @Le Tuba,"5861, 5889",Ethiopie,Lyon,Le Tubà,HCR,"Jeanne, Hana, Gagan",HCR,9,9,"679, 410","34.7, 5.3",,,,,
05/04/2019,2019,4,5,Mapathon Missing Maps Nuit de la Géo à Paris @ La Bellevilloise,5891,Ethiopie,Paris,La Bellevilloise,HCR,"Jeanne, Claire + béné",HCR,35,30,2033,68,,,,,
05/04/2019,2019,4,5,Mapathon Missing Maps Nuit de la Géo à Chambéry @Technolac,5636,RDC,Chambéry,Université Le Bourget,CartONG,"Martin, Gagan + AGS",HCR,20,40,381,201,,,,,
05/04/2019,2019,4,5,Mapathon Missing Maps Nuit de la Géo à Lyon @Hevea,"5847, 5891",Ethiopie,Lyon,Hévéa,HCR,Charlotte + béné + AGEAMS,HCR,20,35,2033 - 381,68,,,,,
05/04/2019,2019,4,5,#109 - HidroItuango 2 - Bajo Cauca,109,Colombie,Pau,Université UPPA,OSM Colombie,Delphine,,17,20,557,199,,,,,
05/04/2019,2019,4,5,Mapathon Missing Maps Nuit de la Géo à Perpignan @Université Via Domitia,5889,Ethiopie,Perpignan,Université Via Domitia,HCR,Bénévoles,,12,8,608,16.2,,,,,
05/04/2019,2019,4,5,Mapathon Missing Maps Nuit de la Géo à Brest @Fab Lab UBO,5636,Kalémie,Brest,UBO Open Factory,CartONG,Bénévoles,,15,12,381,201,,,,,
05/04/2019,2019,4,5,Mapathon Missing Maps Nuit de la Géo à Grenoble @IUGA,"5847, 5891",Ethiopie,Grenoble,IUGA,HCR,Manon + béné,,45,31,125 - 2033,68,,,,,
05/04/2019,2019,4,5,Mapathon Missing Maps Nuit de la Géo à Saint-Louis @Université Gaston Berger,690,Sénégal,Saint Louis,Université Gaston Berger,,Bénévoles,,14,23,,,,,,,
05/04/2019,2019,4,5,,,,Bamako,,,OSM Mali,,,,,,,,,,
05/04/2019,2019,4,5,,"Ouidah, Kétou",Bénin,Calavi, Université d’Abomey-Calavi ,DGAT-IGATE-LaCarto,Cartotourisme,,48,,13826 - 22122,1081 - 2587,,,,,
05/04/2019,2019,4,5,,,,Kinshasa,,,OSM RDC,,100,x,,,,,,,
05/04/2019,2019,4,5,,,,Tana,Université Ivo Tech Tana,,OSM Mada,,16,,,,,,,,
05/04/2019,2019,4,5,,,,Lomé,Faculté des Sciences et de la Société,,OSM Toog,,50,,,,,,,,
05/04/2019,2019,4,5,,,,Heidelberg,Université Heidelberg,,Melanie,,15,x,1030,87,,,,,
05/04/2019,2019,4,5,,,,Milan,Unicersité Politecnico di Milano,,Polimappers,,20,x,1588,,,,,,
05/04/2019,2019,4,5,,,,Würzburg,Université Würzburg,,,,20,x,1030,87,,,,,
05/04/2019,2019,4,5,Mapathon Missing Maps Nuit de la Géo à Besançon @ MSHE Ledoux,5636,Kalémie,Besançon,Maison des sciences de l'homme et de l'environnement,CartONG,Bénévoles,,15,21,381,201,,,,,
04/04/2019,2019,4,4,Mapathons Nuit de la Géographie Unilasalle Beauvais,5889,Ethiopie,Beauvais,UniLaSalle,HCR,Pierre Saulet,HCR,51,45,5003,142.5,,,,,
28/03/2019,2019,3,28,Mapathon Missing Maps à Chambéry @La Dynamo,5847,Ethiopie,Chambéry,La Dynamo,HCR,"Jeanne, Manon",HCR,26,18,2122,69.8,,,,,
12/03/2019,2019,3,12,Mapathon Missing Maps à Lyon @Le Tuba,5795,Haiti,Lyon,Le Tuba,Care France,"Jeanne, Gagan",Care France,10,9,836,2,,,,,
07/03/2019,2019,3,7,Mapathon Missing Maps Paris @ La Paillasse,5795,Haiti,Paris,La Paillasse,Care France,"Jeanne, Jean Yves",Care France,10,13,592,"0,6",,,,,
27/02/2019,2019,2,27,Mapathon Missing @La Bibliothèque de Centrale Lyon,5636,RDC,Ecully,Centrale Lyon,,Jeanne,,19,14,490,"302,2",,,,,
20/02/2019,2019,2,20,Mapathon IUGA,5758,Equateur,Grenoble,IUGA,Comité de réduction des risques,"Jeanne, Manon",Comité de réduction des risques,20,20,,,,,,,
14/02/2019,2019,2,14,Mapathon Missing Maps à Paris @ENSG,5654,Burkina Faso,Paris,ENSG,Yaam,"Jeanne, Camille + béné",Yaam,30,30,8096,55,,,,,
12/02/2019,2019,2,12,Mapathon Missing Maps à Paris @L'ESS'Pace,5654,Burkina Faso,Paris,L'Ess'Pace,Yaam,"Jeanne, Camille + béné",Yaam,21,40,2300,"43,55",,,,,
12/02/2019,2019,2,12,Mapathon Missing Maps à Lyon @Le Tuba,5654,Burkina Faso,Lyon,Le Tuba,Yaam,Manon,Yaam,16,20,0,0,,,,,
06/02/2019,2019,2,6,Mapathon Missing Maps @la Coop ,5654,Burkina Faso,Grenoble,La Péniche,Yaam,"Manon, Camille ",Yaam,12,6,2172,"42,5",,,,x,La Coop
30/01/2019,2019,1,30,Mapathon Missing Maps @le Mug,5654,Burkina Faso,Chambéry,Le Mug -> locaux CartONG,Yaam,"Manon, Jeanne, Camille ",Yaam,5,9,987,"64,6",,,,x,CartONG
23/01/2019,2019,1,23,Mapathon Missing Maps Saint Etienne @Université Jean Monnet,5654,Burkina Faso,Saint Etienne,Université Jean Monnet,Yaam,Camille,Yaam,26,26,6611,"115,8",,,,x,CartONG
22/01/2019,2019,1,22,Mapathon Missing Maps à Lyon @Le Tuba,5654,Burkina Faso,Lyon,Le Tuba,Yaam,"Jeanne, Gagan",Yaam,20,20,1783,47.8,,,,,
10/01/2019,2019,1,10,"1er Mapathon Missing Maps de l'année 2019 à Paris @LaPaillasse
",5654,Burkina Faso,Paris,La Paillasse,Yaam,Jeanne,Yaam,25,25,3156,"26,6",,,,,
19/12/2018,2018,12,19,Mapathon @l'ESS'Pace,5636,RDC,Paris,ESS'pace,OSM RDC,Camille,,9,15,2979,,,,,,
17/12/2018,2018,12,17,Mapthon CIA @Ivry-sur-Seine,5624,Algérie ,Paris,CHU Ivry-sur-Seine,HCR,Cécile + bénévoles ,HCR,25,9,,,,,,,
13/12/2018,2018,12,13,Mapathon @UBO Open Factory ,"3999, 4438, 4822, 4388, (5519)",Madagascar,Brest,UBO Open Factory,OSM Mada,Camille + Yuji ,,25,23,778,200,,"14,2",,,Mairie Brest
13/12/2018,2018,12,13,Mapathon @INSA Lyon,5527,Equateur,Lyon,INSA,EcoSur,Jeanne + Manon,EcoSur,19,16,2051,"116,6",,"20,9",,,
12/12/2018,2018,12,12,Mapathon MAMAPA - Manheim,,,Manheim,,,Robert,,17,17,,,,,,,
05/12/2018,2018,12,5,Mapathon @Université Jean Moulin,5571,Algérie ,Lyon,Univ. Jean Moulin Lyon 3,HCR,Jeanne + Camille + Gagan,HCR,20,22,3804,0,,,,,
30/11/2018,2018,11,30,Mapathon @INSEEC,5571,Algérie ,Chambéry,INSEEC,HCR,Jeanne + Camille ,HCR,67,60,3555,"5,8",,,,,
29/11/2018,2018,11,29,Mapathon @LeMug - MSF,5290,Kenya,Chambéry,Le Mug,MSF Belgique,Jeanne + Camille + Manon,MSF,20,17,273,"901,3",,"262,8",,,
28/11/2018,2018,11,28,Mapathon Missing Maps @ Nomade ,5268,Kenya,Bordeaux,Espace Nomade ,OSM Bordeaux,Camille ,Rombo Conservancy,7,5,901,"201,3",,"73,2",surtout validation sur JOSM,x,CartONG
27/11/2018,2018,11,27,Mapathon Université - Masters SIGMA,5268,Kenya,Toulouse,Université SIGMA,SIGMA,Camille + Olivier,Rombo Conservancy,20,20,2231,163,,"41,9",surtout validation sur JOSM,x,x
18/11/2018,2018,11,18,Mapathon Missing Maps - Karya (festival Thihar) ,5504,Népal,Thyez,Thyez (festival Tihar),"Karya, KLL",Manon + Camille ,Karya,20,,563,35,,"26,4",,,
15/11/2018,2018,11,15,Mapathon MAMAPA - Manheim,5446,Algérie,Manheim,,,Robert,HCR,30,30,,,,,,,
13/11/2018,2018,11,13,Mapathon Université - Masters géomatiques Cergy-Pontoise,5268,Kenya ,Paris ,Univ. Cergy-Pontoise,Rombo Conservancy ,Jeanne + Camille ,Rombo Conservancy ,25,50,2398,"286,4",,"201,2",,x,x
06/11/2018,2018,11,6,Mapathon Université - Masters ACAH ,5268,Kenya ,Chambéry,Univ. jacob Bellecombette ,Rombo Conservancy ,Jeanne + Camille ,Rombo Conservancy ,36,36,1989,"189,7",,"97,6",,,
18/10/2018,2018,10,18,Mapathon @ La Paillasse ,5268,Kenya ,Paris,La Paillasse ,Rombo Conservancy ,Camille et bénévoles ,Rombo Conservancy ,8,18,188 bâtiments,"129,7 km de routes",,"113,9 km de waterways",,,x
03/10/2018,2018,10,3,Mapathon Université - IUGA,4388,Madagascar ,Grenoble ,IUGA Grenoble ,PHF,"Manon, Camille ",,40,50,1599 bâtiments ,"449,9 km de routes
",,,,,IUGA
02/10/2018,2018,10,2,Mapathon Université - Paris VII,4388,Madagascar ,Paris ,Université Paris VII ,PHF,Martin + bénévoles parisiens,,52,50,579 bâtiments ,"180,4 km de routes ",,"57,9 km de waterways ",,,
27/09/2018,2018,9,7,Mapathon MAMAPA - Manheim,5446,Algérie,Manheim,,,Robert,HCR,30,30,,,,,,,
26/09/2018,2018,9,26,Mapathon EducAuRa - La Coop ,4388,Madagascar ,Grenoble ,La Péniche ,EducAuRa,"Manon, Cécile, Mathilde, Camille ",PHF,21,16,265 bâtiments ,"88,8 km de routes",,,,,La Coop 
21/09/2018,2018,9,21,Mapathon Missing Maps - Le Tubā,5268,Kenya ,Lyon ,Le Tubā,Rombo Conservancy ,"Manon, Camille ",Rombo Conservancy ,10,11,1144 bâtiments,,,"105,3 km de rivières ",,,x
20/09/2018,2018,9,20,Mapathon ScPo Urba - Paris,4979,Algérie ,Paris,SciencesPo Ecole Urbaine,SciencesPo Ecole Urbaine,"Manon, Cécile, Camille ",HCR,25,58,3695,,,,,,
18/09/2018,2018,9,18,Mapathon CIA - Nanterre,4979,Algérie ,Paris,CHU Nanterre,Aurore,"Manon, Cécile, Camille ",HCR,25,,43,,,,,,
05/09/2018,2018,9,5,Mapthon Karya - Ambérieu,4285,Népal,Ambérieux-en-Bugey,,Karya,Camille + Sylvie et Pierre de Karya,Karya,14,,137 bâtiments,,,,,,Karya
09/08/2018,2018,8,9,Mapathon CIA - Nanterre,4979,Algérie ,Paris,CHU Nanterre,BSF,Cécile + bénévoles ,HCR,25,,360,,,,,,
25/07/2018,2018,7,25,Mapathon HCR - Genève,4909,Soudan,Genève,HCR headquarters,HCR,"Manon, Maeve, Camille ",HCR,10,13,2279 bâtiments,,,,,,HCR
12/07/2018,2018,7,12,Mapathon BSF - Ivry sur seine // Formation WASH - Ouganda,4857,Ouganda,Paris // Ouganda,CHU Ivry sur seine,BSF,"Cécile, Camille + bénévoles",HCR,20,,686 bâtiments,34.5 km de route,,,,,x
11/07/2018,2018,7,11,Mapathon Science in the City - Toulouse ,4750,Madagascar,Toulouse,La mêlée ,Science in the City,Nicolas + bénévoles,Hi,9,14,527 bâtiments,161.3km de route,,,,,
05/07/2018,2018,7,5,Mapathon MAMAPA - Mannheim,"4750, 4822",Madagascar,Manheim,Mannheimer Abendakademie,,Robert ,Hi,24,,424 + 146 bâtiments,44.4  km de route,,,,,
28/06/2018,2018,6,24,Mapathon Terre des Hommes - Lausanne ,4805,Burkina Faso,Lausanne ,Siège de Tdh,Tdh,"Maeve, Camille, Martin",Tdh ,25,30,,,,29.1 km de waterways,57.82 km2 de forêts,,Tdh
18/06/2018,2018,6,18,Mapathon CCO Vileurbanne ,4768,Bangladesh,Lyon ,CCO,,"Colin, Camille, Cécile ",,14,14 + 5/6 SInga,1213 bâtiments,,,,,,CCO 
13/06/2018,2018,6,13,Mapathon coop Grenoble,4750,Madagascar,Grenoble,La péniche ,,"Manon, Camille ",Hi,8,13,284 bâtiments,,,72.8 km de cours d'eau,,,La péniche
09/06/2018,2018,6,9,Carto Party - Sport ensemble Handicap International ,,,Lyon ,Parc Gerland,,"Colin, Camille ",Hi,20,,,,,,,,
06/06/2018,2018,6,6,Mapathon la Pailliasse ,"4688, 4605",Bangladesh ,Paris,La Paillaisse ,,"Camille, colin + bénévole",,20,29,3623 bâtiments ,19.3 km de route,,,,,
04/06/2018,2018,6,4,Mapathon BSF - Ivry sur seine ,4651,Bangladesh ,Ivry-sur-Seine,CHU Ivry sur seine,,Cécile,,20,,345 bâtiments,,,,,x,x
23/05/2018,2018,5,23,Mapathon MAMAPA - Mannheim,4577,Burkina Faso,Manheim,Mannheimer Abendakademie,HCR,Robert ,HCR,14,,281 bâtiments,2.78 km de route,,,,,
03/05/2018,2018,5,3,Mapathon Lycée Argouge de Grenoble,,,Grenoble,Lycée Argouge ,,Colin ,,,,,,,,,,
18/04/2018,2018,4,18,Mapathon UBO Open Factory Brest,4438,Madagascar,Brest,UBO Open Factory ,,Colin ,,30,31,4583 batiments ,98 km de route,,,,,
12/04/2018,2018,5,12,Mapathon en soirée MSF ,4255,Kirkystan,Geneva,MSF,,"Martin, Colin + GIS Unit ",MSF,44,49,5741 bâtiments,167 km de route,,,,,
10/04/2018,2018,4,10,Mapathon MAMAPA - Mannheim,4371,Ouganda ,Manheim,Mannheimer Abendakademie,HOT - Uganda,Robert ,,15,,1799 bâtiments,6.5 km de routes,,,,,
10/04/2018,2018,4,11,Mapathon Geneva Health Forum - 10 au 12 avril en Français ,,Cameroun,Geneva,CICG,,Colin  Martin ,,9,12,400 bâtiments,,,,,,
06/04/2018,2018,4,6,Mapathon nuit de la Géo Paris,4388,Madagascar,Paris,Voir avec Claire ,,"Martin, Colin",,50,92,1648 bâtiments,263.3 km de route,,,,,
06/04/2018,2018,4,6,Mapathon la nuit de la Géo ,3679,Madagascar,Lyon,,,"Camille, Rene, bénévoles lyon ",,14,19,969 bâtiments,107.5 km de route,,,,,
05/04/2018,2018,4,5,Mapathon interne partenaire Solidarités Suricats,,Bangladesh,Paris,,,"Martin, Colin",,32,,1000 bâtiments,71.8 km de route,,,,,
03/04/2018,2018,4,3,Mapathon coop Grenoble,3679,Madagascar,Grenoble,La péniche ,,Colin,,13,19,1400 bâtiments,100 km de route,,,,,
29/03/2018,2018,3,29,Mapathon intergénérationelle Lycée Louise Michel ,3679,Madagascar,Grenoble,Lycée Louise Michel,,Colin,,35,,400 bâtiments,100 km de route,,,,,
26/03/2018,2018,3,26,Mapathon préparation avec les lycéens de Louise Michel ,3679,Madagascar,Grenoble ,Lycée Louise Michel,,Colin,,20,,329 bâtiments,87.9 km de route,,,,,
08/03/2018,2018,3,8,Mapathon Social Good Week Paris,3679,Madagascar,Paris,LLL,,Martin,PHF,30,50,564 bâtiments,192 km de route,0.36 km² de zone résidentiel,,,Oui (montant?),
07/03/2018,2018,3,7,Mapathon Social Good Week Lyon,3679,Madagascar,Lyon,Ecole Centrale,,"Colin, Camille ",,20,,1526 bâtiments,312.9 km de route,,,,,
28/02/2018,2018,2,28,Mapathon MAMAPA - Mannheim,4121,Ouganda ,Manheim,Mannheimer Abendakademie,HOT,Robert ,,17,,74 bâtiments,108.2 km de route,,15.5 km de waterways,,,
28/02/2018,2018,2,28,Mapathon @ Les Petits Débrouillards,3679,Madagascar,Clermont-Ferrand,Les Petits Débrouillards,,Colin,,15,8,1000 bpatiments,200 km de route,,,,,
14/02/2018,2018,2,14,Mapathon université de Saint Etienne ,3679,Madagascar,Saint Etienne ,Université Jean Monet ,,Colin,,20,20,1500 bâtiments,400 km de route,,,,,
07/02/2018,2018,2,7,Mapathon à Paris 8,3679,Madagascar,Paris,Université,,"Colin, Claire",,15,30 (Neige du coup pas de déplacement),9 bâtiments,123.7 km de route,,,,,
30/01/2018,2018,1,30,Mapathon Atelier des médias ,4101,Bangladesh,Lyon,Atelier des méias ,,"Violaine, Colin",,25,25,6400 bâtiments,,,,,,
26/01/2018,2018,1,26,Mapathon lycée Louise michel ,,Bangladesh,Grenoble,Louise Michel Lycée pro,,Colin,,22,22,300 bâtiments,le mapathon était plus une présentation de CartONG et le fonctionnement de missing maps et d'une action humanitaire (questions des éléves),,,,,
25/01/2018,2018,1,25,Mapathon @ ESS'pace,4030,Bangladesh,Paris,ESS'pace,,Bénévoles,,24,37,2800 bâtiments,,,,,,
23/01/2018,2018,5,23,Mapathon MAMAPA - Mannheim,4577,Burkina Faso,Manheim,Mannheimer Abendakademie,HCR,Robert ,HCR,16,,281 bâtiments,2.7 km² de routes,,,,,
17/01/2018,2018,1,17,Mapathon département savoie,,Haiti,Chambéry,Département de Savoie ,,Colin Violaine,,,,,,,,,,
16/01/2018,2018,1,16,Mapathon à l'université de Genève ,4030,Bangladesh,Genève,Université ,,Colin,,32,32,2792 bâtiments,,,,,,
18/12/2017,2017,12,18,Mapathon Entreprise CGI Paris/Lyon,3941,Tchad,"Paris, LYON",CGI,,"Martin, Colin",,20,,1500 bâtiments ,,,,"10 km² de parcelles dessinées 
(vergers/forêts)",,
15/12/2017,2017,12,15,Mapathon la cordée de la réussite,3946,Congo,Paris,Télécom,Cordée de la réussite ,Colin,,10,,500 bâtiments,,,,,,
13/12/2017,2017,12,13,Mapathon aux subsistances pour HI ,3941,Tchad,Lyon,Subsistances ,Handicap Internatinal,"Martin, Colin",,56,56,1455 bâtiments,,,,42 km² de forêts et vergers,,Handicap International 
19/11/2017,2017,11,19,Mapathon de cloture de l'OSMGeoweek à Villeurbanne @ CCO,"3720, 3831","Madagascar, Burkina Faso",Lyon,CCO,OSM Geoweek,"Violaine, Colin","OSM MADA, OSM Burkina Faso",40,40,3000 bâtiments ,150 KM de route,,,,,Région Rhone Alpes (Synergies)
16/11/2017,2017,11,16,Mapathon Paris ,3720,Madagascar,Paris,LLL,OSM Geoweek,Colin,OSM Mada,17,28,1325 bâtiments,,,,,33,Région Rhone Alpes (Synergies)
15/11/2017,2017,11,15,Mapathon Grenoble à la Péniche ,1075,Mali,Grenoble,La péniche,OSM Geoweek,Colin,OSM Mali,33,26,6083 bâtiments,,,,,,Région Rhone Alpes (Synergies)
14/11/2017,2017,11,14,Mapathon Saint Etienne à Open Factory,102 (francophone),Sénégal,Saint Etienne,OpenFactory,OSM Geoweek,Colin,OSM Sénégal ,19,18,3053 bâtiments,,,,,,Région Rhone Alpes (Synergies)
13/11/2017,2017,11,13,Mapathon d'ouverture à l'OSMGeoWeek Chambéry @ Le MUG,3831,Burkina Faso,Chambéry,Le Mug,OSM Geoweek,"Colin, Martin",OSM Burkina Faso,17,14,2643 batiments,75 km routes,3km² landuse,,,/,Région Rhone Alpes (Synergies)
26/10/2017,2017,10,26,Mapathon Paris @ Ess'pace,3730,Bangladesh,Paris,Ess'pace,Techfugees,Colin,,40,60,5723 batiments,,,,,,
24/10/2017,2017,10,24,Mapathon Lyon @ La Tour du Web,"3703, 3686",Madagascar,Lyon,La Tour du We,,"Violaine, Colin",,12,10,1273 batiments,,,,,,
19/10/2017,2017,10,19,Mapathon Brest @ UBO,3720,Madagascar,Brest,UBO OpenFactory,Tiriad ,"Violaine, Colin",OSM Mada,45,45,2751 batiments,,,,,,
28/09/2017,2017,9,28,Mapathon validation Lyon l'atelier des média s,3110,Madagascar,Lyon,L'atelier des médias,,"Violaine, Colin",,4,7,407 bâtiments ,10.9 km de route ,,,,,
21/09/2017,2017,9,21,Mapathon Missing Maps Paris @ Liberté Living Lab / urgence Mexique !,"3566, 3567, 3607, 3597",Mexico ,Paris,Liberté Living Lab ,,Colin,OSM MX,33,59,6728 bâtiments ,,,,,193,"cagnotte: 86,84 pour noutiture et boissons"
19/07/2017,2017,7,19,Mapathon FOSS4G @ Champs sur Marne,2608,Goma,Paris,ENSG,,Olivia,ICRC,35,29,3049 bâtiments ,50km de route,,,,,Carto (Jorge Sanz)
04/07/2017,2017,7,4,Mapathon Validation Lyon,2333 (contrib) + 3110 (valid),Vatomandry et Ouahigouya,Lyon,L'atelier des médias,,"Violaine, Olivia",PHF et chambé Ouahi,13,,validation,,,,,Apport des participants,Apport des participants
29/06/2017,2017,6,29,Mapathon Nantes @ ENSA,2608 et 2333 pour validation,Goma et Ouahigouya,Nantes,ENSA,,Olivia et Antoine,CICR et Chambéry Ouahigouya,24,20,2091 bâtiments pour Goma,12km de route pour Goma,,,> Validation pour Ouahigouya,,CartONG + apport des participants
28/06/2017,2017,6,28,Mapathon Brest @ UBO,2333,Ouahigouya,Brest,UBO,,Olivia et Yuji,Chambéry Ouahigouya,37,35, 250 bâtiments,739km de route,3.58km2 de zone résidentielle,,,,participants apportent + petit budget CartONG
15/06/2017,2017,6,15,Mapathon Toulouse @ HarryCow,2333,Ouahigouya,Toulouse,HarryCow,Magellium,Olivia et Nicolas Decoster,Chambéry Ouahigouya,25,20,142 bâtiments,635km de routes ,4.36km2 landuse residential,,,,Magellium
14/06/2017,2017,6,14,Mapathon Bordeaux @ Nomade,2333,Ouahigouya,Bordeaux et Périgueux,Nomade pour Bordeaux et l'Escale Numérique pour Périgueux,MSF Log et Num&Lib,Olivia et Paul pour Périgueux,Chambéry Ouahigouya,25,30,538 bâtiments ,740km de route,4.34km2 landuse residential,,,,MSF Log pour Bordeaux
07/06/2017,2017,6,7,Mapathon Chambéry le Mug,2333,Ouahigouya,Chambéry,Le Mug,,Martin,Chambéry Ouahigouya,14,7,cf. stats Paris le même soir,,,,,/,/
07/06/2017,2017,6,7,Mapathon Paris @ FPH,2333,Ouahigouya,Paris,FPH,,Olivia,Chambéry Ouahigouya,17,22,860 bâtiments,550 km de route,,,,,cagnotte (environ 50€ pour nourriture et boissons) 
31/05/2017,2017,5,31,Mapathon Avignon La Salle EducOSM,3110,"Vatomandry, Madagascar",Avignon,La Salle,PHF,Violaine et Olivia,Pompiers humanitaires français,60,3 classes de 20 élèves environ,4609 bâtiments ,70km de route,,,,,
17/05/2017,2017,5,17,Mapathon Le Mug 2 Aix les Bains,2333,Ouahigouya,Aix les Bains,Le Mug 2,,Olivia,Chambéry Ouahigouya,6,5,89 bâtiments ,91km route,,,,,
11/05/2017,2017,5,11,Mapathon Grenoble,2333,Ouahigouya,Grenoble,La Coop,,Olivia,Chambéry Ouahigouya,10,11,1582 bâtiments,40.3 km de route,20.55 km2 zone résidentielle,,,,Carto pour pizza et la coop pour bières
10/05/2017,2017,5,10,Mapathon Lyon,2333,Ouahigouya,Lyon,L'atelier des médias,,Violaine ,Chambéry Ouahigouya,6,,400 bâtiments,7.5km de route,,,,,
04/05/2017,2017,5,4,Mapathon Paris - Mai,2608,Goma,Paris,La Paillasse,MSF,Olivia,CICR & MSF,35,45,2764 bâtiments,,,,,235€,MSF pizza cagnotte boissons
03/05/2017,2017,5,3,Mapathon Université Genève,2608,Goma,Genève,Université Genève,Mouvement des étudiants en géographie,Olivia,CICR,15,20,1135 bâtiments,,,,,,
13/04/2017,2017,4,13,Mapathon Chambéry Université,2705,"Bidibidi zone 1, Ouganda",Chambéry,Université Chambéry,,Martin,,10,,664 bâtiments,33.4km de route,,,,,
13/04/2017,2017,4,13,Mapathon Paris ,2705,"Bidibidi zone 1, Ouganda",Paris,La Paillasse,MSF,Olivia,MSF,30,50,2848 bâtiments ,43.6km de route,,,,170€,MSF pizza et Cagnotte boissons
09/04/2017,2017,4,9,Mapathon Rennes ,2333,Ouahigouya ,Bréteil ,Mairie de Bréteil,,Violaine,Chambéry Ouahigouya,4,pas d'inscriptions,,40 km de routes wouhou,,,,,
23/03/2017,2017,3,23,Mapathon Interne MSF,2705,"Yumbe, Ouganda (Zone 1)",Paris,,,Martin,MSF,20,/,1400 bâtiments,,,,,/,MSF
22/03/2017,2017,3,22,Mapathon festival SIANA,2333,Ouahigouya ,Evry,Université ,,"Martin, Olivia",Chambéry Ouahigouya,35,/,700 bâtiments,500 routes ,130 villages  ,,> (total 3 sessions),,/
19/03/2017,2017,3,19,Atelier Missing Maps Maker Faire,2608,Goma,Grenoble,Maker Faire,"La Coop, La Péniche","Martin, Olivia",ICRC,5,,1400 bâtiments,,,,,,/
15/03/2017,2017,3,15,MM Mapathon ,2333,Ouahigouya ,Toulouse,Catalyseur,Aerospace Valley Université Toulouse 3 FabSpace2.0,"Violaine, Olivia",Chambéry Ouahigouya,37,65,2768 bâtiments,,,,,,Airbus
09/03/2017,2017,3,9,MM Solidarités International,2636,"Borno, Nigeria",Paris,,,"Martin, Olivia",Solidarités International,43,45,5000 bâtiments,500 routes (Muna) + 800 bâtiments (Monguno),,,,,Solidarités
02/02/2017,2017,2,2,MM Genève Humanitarium,"2480, 2483","Ngao, Kenya",Genève,ICRC Humanitarium,ICRC IFRC,"Violaine, Martin, Maeve",CICR,90,104,2640 bâtiments,243 km roads,3.3 km² landuse,,,,
16/01/2017,2017,1,16,MM Avancé Lyon,2333,Ouahigouya,Lyon,CCO Villeurbanne,,Violaine,Chambéry Ouahigouya,14,10,2800 bâtiments,350 km de routes,,,,,
20/12/2016,2016,12,20,Missing Maps in Lyon,"#2333 
",Ouahigouya,"Lyon
",,,Violaine,Chambéry Ouahigouya,17,15,1430 bâtiments,35 km de routes,,,,,Cagnotte participants
15/12/2016,2016,12,15,Missing Maps Madagascar (Pau-Antsiranana),"#2334, #2327","Diana, MG",Pau,,,Benoît,SAHI,17,15,337 bâtis,33km,110 km²,,,,
08/12/2016,2016,12,8,OGP,"#2333 
",Ouahigouya,Paris,Liberté Living Lab,,Martin,Chambéry Ouahigouya,90,89,7125 batiments,192km routes,,,,/,MapBox
06/12/2016,2016,12,6,MSF interne,2379,"Yumbe, Ouganda","Paris
",,,Martin,"MSF
",18,/,3600 batiments,,,,,/,MSF
19/11/2016,2016,11,19,#100mapathons Missing Maps Chambéry-Ouahigouya,"#2333 
",Ouahigouya,Chambéry,Médiathèque Jean-Jaques Rousseau,,"Violaine, Martin",Chambéry Ouahigouya,17,14,4170 bâtiments,100 routes pour 70 km,,,,,
18/11/2016,2016,11,18,#100mapathons Missing Maps Diégo-Bordeaux,#2317,"Diana, MG",Bordeaux ,Maison des étudiants,,"Violaine, Vincent",SAHI,18,-,1817 bâtiments,,,,,,
16/11/2016,2016,11,16,#100mapathons Missing Maps Ambérieu SSI,#2315,"Diana, MG",Amberieu,MJC Ambérieu,,Violaine,SAHI,15,6,550 bâtiments,,,,,84!,Cagnotte participants
12/11/2016,2016,11,12,#100mapathons Mapathon Ivry-Dianguirdé,"Dianguirdé #2215, Koussané #2266",Dianguirdé,Ivry-sur-Seine,,,Martin,Ivry-sur-Seine,25-30,24 (9 eventbrite et 15 asso malienne locale),,337 km routes,,,,/,Ivry
07/11/2016,2016,11,7,,Mwenezi #2286,Zimbabwe,Vienne,,,Martin,MSF,40,/,,,4km² de landuse...,,,/,OeRC
27/10/2016,2016,10,27,,Nsanje #2240,Malawi,Saint Denis,Paris 8,Master Géomatique Paris 8,Violaine,MSF,15,14,,50 km routes,,,,reste 170,
18/10/2016,2016,10,18,,Nsanje #2240 #2171 #2192,Malawi,Chambé GeOnG,Centre de Congrès le Manège,,Violaine,MSF,50,,650 bâtiments,350 km ,,,,,
04/10/2016,2016,10,4,Missing Maps Paris #6,,,Paris,La Ruche Canal,,Martin,MSF,25,27,?,,,,,,Buffet canadien+cagnotte
19/09/2016,2016,9,19,,Intégration avancée dans OSM,"RDC, Sud Soudan, Tchad...",Lyon ,,,Violaine,,10,10,-,,,,,,
12/07/2016,2016,7,12,,1910,"Bunia, RDC",Lyon,,,Violaine,MSF,25,30,923 bâtiments,100km routes,,,,,
09/06/2016,2016,6,9,,1808;1910,"Irak, RDC",Paris,,,"Johan, Claire","Tdh, MSF",30,35,2500 bâtiments,,,,,,
24/05/2016,2016,5,24,,"1808, 1816, 1817","Tikrit, Irak, Bangladesh",Toulouse,,,Violaine,Tdh,29,38,Tikrit: 654 bâtiments,"Tikrit: 17 routes
Ghogadaha: 50 routes ",Ghogadaha: 50 km landuse,,,,
22/05/2016,2016,5,22,,"1808, 1816, 1817","Tikrit, Irak, Bangladesh",Clermont,Groupe ESC Clermont (SOTM),OSM France,"Violaine, martin, johan",Tdh,,,"#1808 : 300 bâtiments 
#1816 : 60 bâtiments","#1808 : 20 km de routes 
#1816 :30 km routes",,,,,
18/05/2016,2016,5,18,,1910,"Bunia, RDC",Genève,MSF Suisse,,"Violaine,Martin",msf ch,"20 (+11 Gre, +3 OSM Africains)",17,5000 bâtiments,245 routes soit 32km,,,,,MSF
18/05/2016,2016,5,18,,1910,"Bunia, RDC",Grenoble,La Coop,Maptime Alpes,Adam,msf ch,11,11,5000 bâtiments,245 routes soit 32km,,,,-,CartoDB
17/05/2016,2016,5,17,,1808,"Tikrit, Irak",Rennes,Pole Numérique de Rennes Villejean,Master SIGAT Université Rennes 2,Martin,Tdh,15,13 inscrits (mais prévu que +),1433 bâtiments ,76.5km highway,,,,/,CartONG
13/05/2016,2016,5,13,,1816,"Ghogadaha, Bangladesh",Marseille,La Ruche,Maison Asie Pacifique,Violaine,Tdh,15,14,90 bâtiments,100 routes,181 zones residentielles ,,,-,-
22/04/2016,2016,4,22,,"1808 (irak),1818 (bangladesh)","Irak, Bangladesh",Lausanne,Terre des Hommes,,Violaine,Tdh,22,29,Tikrit : 1352 bâtiments,"Tikrit : 5km route
1818 : 5 km route
", 1818 : 2km²residential,,,,CartONG
07/04/2016,2016,4,7,,"1695, 1566",RDC-SudKivu/Katanga,Paris ,Mozilla,,Violaine,MSF-UK,45,70,2880 bâtiments,1000 highways (170km),,,,170,
31/03/2016,2016,3,31,,1668/1669,"Harare, capital of Zimbabwe",Bordeaux ,Nomade,Num&Lib,Violaine,MSF-Suisse,35-40,39,2600 bâtiments,65 km de routes,1km2 de landuse,,,,NumetLib (éviter de redemander)
14/03/2016,2016,3,14,,1668/1669,"Harare, capital of Zimbabwe",Lyon,CCO Villeurbanne,Festival mémoire Vive,Violaine,MSF-Suisse,30,30,3800 bâtis (!!!),200 km de routes,,,,-,CCO
23/02/2016,2016,2,23,,1465 1466 1467,Mozambique (East of Tete province),Grenoble,Co-Work,"Idées Territoires, Maptime Alpes",Violaine,MSF-Suisse,35,25,800 bâtis,1275 km de routes,700 zones résidentielles,,,"6,5",Idées Territoire (IGA)
11/02/2016,2016,2,11,,1428 1477 1465 1466 1494,Ouganda,Paris - MSF,Mozilla,MSF,Violaine,MSF-Fr,60,70,presque 700 bâtiments,1700 km de routes,30 km2 de zones résidentielles,,,57€,MSF
03/02/2016,2016,2,3,,1467 1465 1466 ,Mozambique (East of Tete province),Chambery,Université de Savoie,PRISM,Violaine,MSF-Suisse,15,10,800 bâtiments,1200 routes,1200 zones résidentielles,40 rivières,,-,-
18/12/2015,2015,12,18,,"1342, 1390","Nsanje, Malawi",Lyon,CCO Villeurbanne,,"Martin,Violaine",MSF,20,32,3000 batiments,320 portions de routes,presque 400 zones résidentielles,,,,
17/11/2015,2015,11,17,,1343,"Mozambique, Nord Tete",Chambéry,Le Mug,Chambé-Carnet,Martin,MSF,,17,,1200 routes,800 zones résidentielles ,,,,
05/11/2015,2015,11,5,Mapathon Missing Maps Paris #1,1262,"Lubumbashi, RDC",Paris,La Ruche,Social Good Week,"Martin,Violaine",,50,62,5000 bâtis,,,,,,
28/10/2015,2015,10,28,,?,Afghanistan,Grenoble,,,"Martin, Maeve",,10,,,,,,,,
06/12/2014,2014,12,6,Lancement projet Missing Maps,?,?,Paris,Simplon Montreuil,,"Martin, Maeve",MSF,,,,,,,,,